BEGIN TRANSACTION;
CREATE TABLE "slaves" ("id" integer primary key autoincrement,"hostname" varchar(255),"port" integer,"mongod_port_range_begin" integer,"mongod_port_range_end" integer,"persistent_storage" bool,"configured_state" integer,"risk_group_id" integer );
INSERT INTO `slaves` VALUES (1,'slave1',1,2000,2002,'false',1,1);
INSERT INTO `slaves` VALUES (2,'slave2',1,2000,2002,'false',1,1);
INSERT INTO `slaves` VALUES (3,'slave3',1,2000,2002,'false',1,2);
INSERT INTO `slaves` VALUES (4,'slave4',1,2000,2010,'true',1,3);
INSERT INTO `slaves` VALUES (5,'slave5',1,2000,2010,'false',2,2);
INSERT INTO `slaves` VALUES (6,'slave6',1,2000,2001,'true',1,2);
INSERT INTO `slaves` VALUES (7,'slave7',1,2000,2001,'true',1,1);
CREATE TABLE "slave_errors" ("identifier" varchar(255),"description" varchar(255),"long_description" varchar(255),"id" integer primary key autoincrement,"msp_error_id" integer );
CREATE TABLE "risk_groups" ("id" integer primary key autoincrement,"name" varchar(255) );
INSERT INTO `risk_groups` VALUES (1,'risk1');
INSERT INTO `risk_groups` VALUES (2,'risk2');
INSERT INTO `risk_groups` VALUES (3,'risk3');
CREATE TABLE "replica_sets" ("id" integer primary key autoincrement,"name" varchar(255),"persistent_member_count" integer,"volatile_member_count" integer,"configure_as_sharding_config_server" bool );
INSERT INTO `replica_sets` VALUES (1,'repl1',1,3,'false');
INSERT INTO `replica_sets` VALUES (2,'repl2',2,2,'false');
INSERT INTO `replica_sets` VALUES (3,'repl3',2,4,'false');
CREATE TABLE "replica_set_members" ("id" integer primary key autoincrement,"hostname" varchar(255),"port" integer,"mongod_state_id" integer );
CREATE TABLE "problems" ("id" integer primary key autoincrement,"description" varchar(255),"long_description" varchar(255),"problem_type" integer,"first_occurred" datetime,"last_updated" datetime,"slave_id" integer,"replica_set_id" integer,"mongod_id" integer );
CREATE TABLE "msp_errors" ("id" integer primary key autoincrement );
CREATE TABLE "mongods" ("id" integer primary key autoincrement,"port" integer,"repl_set_name" varchar(255),"observation_error_id" integer,"last_establish_state_error_id" integer,"parent_slave_id" integer,"replica_set_id" integer,"desired_state_id" integer,"observed_state_id" integer );
INSERT INTO `mongods` VALUES (1,2000,'repl1',NULL,NULL,1,1,NULL,NULL);
INSERT INTO `mongods` VALUES (2,2000,'repl2',NULL,NULL,2,2,NULL,NULL);
INSERT INTO `mongods` VALUES (3,2000,'repl2',NULL,NULL,4,2,NULL,NULL);
INSERT INTO `mongods` VALUES (4,2001,'repl3',NULL,NULL,4,3,NULL,NULL);
INSERT INTO `mongods` VALUES (5,2000,'repl3',NULL,NULL,6,3,NULL,NULL);
INSERT INTO `mongods` VALUES (6,2000,'repl3',NULL,NULL,7,3,NULL,NULL);
INSERT INTO `mongods` VALUES (7,2000,'repl3',NULL,NULL,5,3,NULL,NULL);
CREATE TABLE "mongod_states" ("id" integer primary key autoincrement,"is_sharding_config_server" bool,"execution_state" integer );
CREATE TABLE "communication_errors" ("message" varchar(255),"id" integer primary key autoincrement,"msp_error_id" integer );
CREATE UNIQUE INDEX uix_slaves_hostname ON "slaves"("hostname") ;
CREATE UNIQUE INDEX uix_risk_groups_name ON "risk_groups"("name") ;
CREATE UNIQUE INDEX uix_replica_sets_name ON "replica_sets"("name") ;
COMMIT;
